patient,sigma_median_case_spearman,sigma_median_blind_spot_rate,ice_median_case_spearman,ice_valid_cases,residual_median_case_spearman,residual_valid_cases,jacdev_median_case_spearman,jacdev_valid_cases
aaa0044,0.8804321728691475,0.0,0.7248499399759903,2,0.3012725090036015,2,0.6581032412965185,3
aaa0051,0.6099879951980792,0.0,0.7158223289315726,2,0.5602400960384153,2,0.3025690276110444,3
aaa0053,0.8902280912364946,0.0,0.9165426170468187,3,0.5456422569027611,3,0.6571428571428571,3
aaa0060,0.22439375750300117,0.02,0.2828811524609844,3,0.09118847539015605,3,0.03529411764705882,3
aaa0064,0.7923649459783914,0.0,0.9063625450180072,2,0.7831452581032412,2,0.6757743097238894,3
aaa0069,0.033373349339735896,0.06,-0.09762304921968785,3,0.20076830732292916,3,-0.3014165666266506,3
aaa0071,0.7047779111644659,0.0,0.7950540216086435,3,0.2843217286914766,3,0.7999519807923169,3
aaa0072,0.6633853541416566,0.0,0.5898199279711884,3,0.2715486194477791,3,-0.4306842737094838,3
aaa0086,0.7763265306122449,0.0,0.7832412965186073,3,0.2167106842737095,3,-0.44672268907563023,3
aaa0087,0.3047779111644658,0.02,0.3462665066026411,3,0.2859543817527011,3,-0.3671068427370948,3
