patient,replicate,sigma_case_spearman,sigma_blind_spot_count,sigma_blind_spot_rate,sigma_quartile_error_delta_mm,known_error_q75_mm,sigma_q25_mm,ice_valid,ice_case_spearman,ice_blind_spot_count,invalid_comparators
aaa0044,0,0.8804321728691475,0,0.0,2.4974628808190515,3.4353540490529353,0.17048529864181133,True,0.932484993997599,0,
aaa0044,1,0.8873469387755102,0,0.0,4.567880156237278,5.864006689485171,0.5260804132579864,False,nan,,"ice,residual"
aaa0044,2,0.6296758703481392,2,0.04,0.4434744978053624,1.8274778704089873,0.3544824876277408,True,0.5172148859543817,2,
aaa0051,0,0.47361344537815125,0,0.0,2.2916357582133977,4.736228974578024,0.43613043435196497,True,0.8757262905162064,0,
aaa0051,1,0.9037695078031212,0,0.0,4.23614865277727,3.829861218482372,0.34801018056511124,False,nan,,"ice,residual"
aaa0051,2,0.6099879951980792,0,0.0,0.7778346580967472,2.089317187019282,0.2350604628471693,True,0.5559183673469387,2,
aaa0053,0,0.8902280912364946,0,0.0,2.7447770037218637,3.764166847547647,0.22988042831476505,True,0.9165426170468187,0,
aaa0053,1,-0.9020408163265305,10,0.2,-1.1277578901867067,1.8841765818140117,0.047350829104470436,True,-0.7945738295318127,9,
aaa0053,2,0.9618727490996398,0,0.0,4.022721237019698,4.325243452772815,0.5437994010035466,True,0.9695558223289316,0,
aaa0060,0,0.7774789915966386,0,0.0,1.296044886699422,2.300025676799285,0.05279651244876166,True,0.613829531812725,0,
aaa0060,1,-0.013685474189675868,1,0.02,0.24021753699823556,1.811018218145431,0.0340322359553538,True,0.2828811524609844,1,
aaa0060,2,0.22439375750300117,2,0.04,0.23911122924239026,2.62945129980554,0.13637244127263412,True,-0.45498199279711876,4,
aaa0064,0,0.7463625450180071,0,0.0,5.527906814414971,6.310698233595739,0.203254886751997,True,0.8729411764705882,0,
aaa0064,1,0.8060984393757503,0,0.0,1.838563588804713,3.5130685835503788,0.24689271251173764,True,0.9397839135654261,0,
aaa0064,2,0.7923649459783914,0,0.0,4.724802229508464,5.695624988521165,0.19543150443396962,False,nan,,"ice,residual"
aaa0069,0,0.033373349339735896,2,0.04,-0.0034749249142966843,1.914518225873839,0.1517441202013719,True,0.2689555822328931,2,
aaa0069,1,-0.02415366146458583,4,0.08,-0.2830627789941125,3.371697401647273,0.20087742821496118,True,-0.09762304921968785,1,
aaa0069,2,0.1896278511404562,3,0.06,0.5339582715037032,2.6685163493819433,0.011451019151825871,True,-0.19414165666266506,4,
aaa0071,0,0.7325330132052821,0,0.0,1.1786462238833255,2.887177931816321,0.19744349106982015,True,0.8776470588235293,0,
aaa0071,1,0.7047779111644659,0,0.0,1.1324150852593822,3.460215029418051,0.5571966666853061,True,0.6679951980792316,0,
aaa0071,2,-0.4234813925570228,5,0.1,-0.8576078084233343,2.8327273227970657,0.12474695563949632,True,0.7950540216086435,0,
aaa0072,0,-0.37757503001200476,4,0.08,-1.3641386774305624,2.980250107288695,0.11883170530947373,True,0.7889075630252101,0,
aaa0072,1,0.9016566626650659,0,0.0,1.7836256076171302,2.9036083919184983,0.12252607213715051,True,0.44720288115246093,2,
aaa0072,2,0.6633853541416566,0,0.0,0.9096243400359993,3.1388518115141912,0.09583921616439028,True,0.5898199279711884,0,
aaa0086,0,0.8947418967587035,0,0.0,2.3373066813641357,4.978722069953728,0.15179347249951267,True,0.7456902761104441,0,
aaa0086,1,0.0015846338535414166,0,0.0,-0.2744522941594183,2.8861319569304387,0.030999909934273807,True,0.8779351740696278,0,
aaa0086,2,0.7763265306122449,0,0.0,3.3609272330389683,3.295034119834482,0.4019177745951021,True,0.7832412965186073,0,
aaa0087,0,0.3047779111644658,1,0.02,0.9632733506334596,2.3330209073763237,0.15609424066201852,True,0.3846818727490996,2,
aaa0087,1,-0.4297238895558223,5,0.1,-0.3615843529396098,1.3022622601698421,0.1291656356981244,True,0.3462665066026411,0,
aaa0087,2,0.3209123649459784,0,0.0,0.33333675422519327,1.9034939261312487,0.1657369929053081,True,0.03404561824729892,5,
