patient,replicate,point_index,z,y,x,known_error_mm,known_error_q75_mm,sigma_mm,sigma_q25_mm,sigma_blind_spot,ice_valid,ice_blind_spot,residual_valid,residual_blind_spot,jacdev_valid,jacdev_blind_spot
aaa0044,2,13,16,31,45,1.9628331252076239,1.8274778704089873,0.24705467569063594,0.3544824876277408,True,True,True,True,False,True,True
aaa0044,2,46,16,31,41,2.0601407101151197,1.8274778704089873,0.2536661611032119,0.3544824876277408,True,True,True,True,False,True,True
aaa0053,1,15,12,50,45,2.382766193445137,1.8841765818140117,0.030276635978888425,0.047350829104470436,True,True,False,True,False,True,False
aaa0053,1,19,12,54,44,2.3700237432056515,1.8841765818140117,0.03774167486970564,0.047350829104470436,True,True,False,True,False,True,False
aaa0053,1,26,13,25,93,2.1442684227554327,1.8841765818140117,0.0420795700842108,0.047350829104470436,True,True,True,True,False,True,True
aaa0053,1,27,13,22,90,2.337009609003399,1.8841765818140117,0.03750151476036877,0.047350829104470436,True,True,True,True,False,True,True
aaa0053,1,28,13,29,90,2.0270824660928994,1.8841765818140117,0.0472830663125834,0.047350829104470436,True,True,True,True,False,True,True
aaa0053,1,30,12,51,45,2.412370891334494,1.8841765818140117,0.03239840559877916,0.047350829104470436,True,True,False,True,False,True,False
aaa0053,1,35,13,24,94,2.1486252064244455,1.8841765818140117,0.040867972971659325,0.047350829104470436,True,True,True,True,True,True,True
aaa0053,1,37,12,56,40,1.9147759522537995,1.8841765818140117,0.03638392683781959,0.047350829104470436,True,True,False,True,True,True,False
aaa0053,1,41,12,50,44,2.275272521522443,1.8841765818140117,0.02863736705797693,0.047350829104470436,True,True,True,True,False,True,False
aaa0053,1,47,13,28,95,1.8861863043184661,1.8841765818140117,0.04667178057375743,0.047350829104470436,True,True,True,True,True,True,True
aaa0060,1,12,15,34,17,1.820342557650696,1.811018218145431,0.033573629208708156,0.0340322359553538,True,True,False,True,False,True,True
aaa0060,2,2,12,35,52,2.781479699066677,2.62945129980554,0.11732895696465159,0.13637244127263412,True,True,True,True,False,True,False
aaa0060,2,47,12,36,60,3.108273792068697,2.62945129980554,0.09070953815117838,0.13637244127263412,True,True,False,True,False,True,False
aaa0069,0,11,12,74,22,3.104913766980109,1.914518225873839,0.11590563164370284,0.1517441202013719,True,True,False,True,False,True,False
aaa0069,0,13,12,71,16,3.009099235215522,1.914518225873839,0.1291063291320868,0.1517441202013719,True,True,False,True,True,True,False
aaa0069,1,11,9,18,88,3.405127065650609,3.371697401647273,0.1943707477104218,0.20087742821496118,True,True,False,True,True,True,False
aaa0069,1,35,9,20,83,3.4473541570807504,3.371697401647273,0.19299907117884435,0.20087742821496118,True,True,False,True,False,True,False
aaa0069,1,38,9,17,87,3.372623664969979,3.371697401647273,0.19144852733766468,0.20087742821496118,True,True,False,True,True,True,False
aaa0069,1,39,9,17,85,3.372336489220571,3.371697401647273,0.18968778852375887,0.20087742821496118,True,True,False,True,False,True,False
aaa0069,2,29,11,25,44,2.7099104131911593,2.6685163493819433,0.0045562082105484545,0.011451019151825871,True,True,True,True,True,True,True
aaa0069,2,37,11,24,42,2.843477687167089,2.6685163493819433,0.00492585622631286,0.011451019151825871,True,True,True,True,False,True,True
aaa0069,2,40,11,26,39,2.9332632476394402,2.6685163493819433,0.0056766999730401,0.011451019151825871,True,True,True,True,False,True,True
aaa0071,2,1,17,62,42,3.091315171673283,2.8327273227970657,0.11588080443965332,0.12474695563949632,True,True,False,True,False,True,False
aaa0071,2,11,17,60,42,2.9581107491278344,2.8327273227970657,0.1237463895585716,0.12474695563949632,True,True,False,True,True,True,False
aaa0071,2,13,17,63,54,3.962747553887827,2.8327273227970657,0.09959826504397316,0.12474695563949632,True,True,False,True,False,True,False
aaa0071,2,34,16,61,49,3.6882428366465407,2.8327273227970657,0.11661502214193943,0.12474695563949632,True,True,False,True,False,True,False
aaa0071,2,38,17,61,40,2.843601799719184,2.8327273227970657,0.12434115732172431,0.12474695563949632,True,True,False,True,False,True,False
aaa0072,0,1,9,19,82,2.994249304777602,2.980250107288695,0.09002222036188548,0.11883170530947373,True,True,False,True,False,True,False
aaa0072,0,10,9,18,85,2.984725362239689,2.980250107288695,0.09391904831559718,0.11883170530947373,True,True,False,True,False,True,False
aaa0072,0,45,10,24,80,3.2975105224465495,2.980250107288695,0.10552451730796936,0.11883170530947373,True,True,False,True,False,True,False
aaa0072,0,47,10,25,87,3.5725306023606924,2.980250107288695,0.08684484544051947,0.11883170530947373,True,True,False,True,False,True,False
aaa0087,0,47,13,29,44,2.341660001801693,2.3330209073763237,0.15590969985092404,0.15609424066201852,True,True,False,True,True,True,True
aaa0087,1,1,11,52,16,1.932114099790062,1.3022622601698421,0.12722241262771616,0.1291656356981244,True,True,False,True,False,True,True
aaa0087,1,11,12,48,18,1.8878332315483375,1.3022622601698421,0.12706725045060194,0.1291656356981244,True,True,False,True,False,True,False
aaa0087,1,20,11,41,22,1.3295554026782657,1.3022622601698421,0.11405144279390565,0.1291656356981244,True,True,False,True,False,True,True
aaa0087,1,39,9,48,26,1.5610024683363497,1.3022622601698421,0.11748914806056165,0.1291656356981244,True,True,False,True,False,True,True
aaa0087,1,42,10,52,17,1.7681533106073135,1.3022622601698421,0.1240786355240652,0.1291656356981244,True,True,False,True,False,True,True
